{
    "object_name": "rinse_aid",
    "experiment_name": "quick_quick",
    "rotation_error (deg)": {
        "initial": 123.4,
        "coarse_avg": 119.71124999999999,
        "fine_avg": 169.22875
    },
    "translation_error (m)": {
        "initial": 0.022,
        "coarse_avg": 0.0260875,
        "fine_avg": 0.0175625
    },
    "add_error (m)": {
        "initial": 0.0235,
        "coarse_avg": 0.028075,
        "fine_avg": 0.01915
    },
    "add_sym_error (m)": {
        "initial": 0.0234,
        "coarse_avg": 0.027925,
        "fine_avg": 0.018575
    },
    "add_s_error (m)": {
        "initial": 0.0099,
        "coarse_avg": 0.018037499999999998,
        "fine_avg": 0.008862499999999999
    },
    "proj2d_error (px)": {
        "initial": 18.95,
        "coarse_avg": 20.19625,
        "fine_avg": 18.869999999999997
    }
}