{
    "object_name": "vim_mug",
    "experiment_name": "quick_quick",
    "rotation_error (deg)": {
        "initial": 99.55,
        "coarse_avg": 110.66750000000002,
        "fine_avg": 104.1
    },
    "translation_error (m)": {
        "initial": 0.025,
        "coarse_avg": 0.02535,
        "fine_avg": 0.0157875
    },
    "add_error (m)": {
        "initial": 0.0261,
        "coarse_avg": 0.02705,
        "fine_avg": 0.019012499999999998
    },
    "add_sym_error (m)": {
        "initial": 0.0261,
        "coarse_avg": 0.0264125,
        "fine_avg": 0.018575
    },
    "add_s_error (m)": {
        "initial": 0.0167,
        "coarse_avg": 0.0165625,
        "fine_avg": 0.008712500000000001
    },
    "proj2d_error (px)": {
        "initial": 15.95,
        "coarse_avg": 16.377499999999998,
        "fine_avg": 13.305
    }
}