{
    "object_name": "graphics_card",
    "experiment_name": "latent_quick",
    "rotation_error (deg)": {
        "initial": 108.32,
        "coarse_avg": 146.14375,
        "fine_avg": 144.97750000000002
    },
    "translation_error (m)": {
        "initial": 0.0522,
        "coarse_avg": 0.0516125,
        "fine_avg": 0.0323
    },
    "add_error (m)": {
        "initial": 0.0523,
        "coarse_avg": 0.053000000000000005,
        "fine_avg": 0.0341375
    },
    "add_sym_error (m)": {
        "initial": 0.0523,
        "coarse_avg": 0.0527125,
        "fine_avg": 0.0341375
    },
    "add_s_error (m)": {
        "initial": 0.0427,
        "coarse_avg": 0.034574999999999995,
        "fine_avg": 0.0160875
    },
    "proj2d_error (px)": {
        "initial": 48.86,
        "coarse_avg": 47.706250000000004,
        "fine_avg": 33.1975
    }
}