{
    "object_name": "pouch",
    "experiment_name": "quick_quick",
    "rotation_error (deg)": {
        "initial": 169.61,
        "coarse_avg": 144.1725,
        "fine_avg": 176.14375
    },
    "translation_error (m)": {
        "initial": 0.0252,
        "coarse_avg": 0.025162499999999997,
        "fine_avg": 0.0188375
    },
    "add_error (m)": {
        "initial": 0.0367,
        "coarse_avg": 0.036775,
        "fine_avg": 0.04035
    },
    "add_sym_error (m)": {
        "initial": 0.0351,
        "coarse_avg": 0.034612500000000004,
        "fine_avg": 0.0345
    },
    "add_s_error (m)": {
        "initial": 0.0104,
        "coarse_avg": 0.0139625,
        "fine_avg": 0.007724999999999999
    },
    "proj2d_error (px)": {
        "initial": 28.11,
        "coarse_avg": 29.044999999999998,
        "fine_avg": 41.370000000000005
    }
}