{
    "object_name": "rinse_aid",
    "experiment_name": "quick_quick",
    "rotation_error (deg)": {
        "initial": 123.4,
        "coarse_avg": 118.905,
        "fine_avg": 163.83375
    },
    "translation_error (m)": {
        "initial": 0.0236,
        "coarse_avg": 0.023674999999999998,
        "fine_avg": 0.0295625
    },
    "add_error (m)": {
        "initial": 0.025,
        "coarse_avg": 0.025099999999999997,
        "fine_avg": 0.0304
    },
    "add_sym_error (m)": {
        "initial": 0.0249,
        "coarse_avg": 0.024662499999999997,
        "fine_avg": 0.030162500000000002
    },
    "add_s_error (m)": {
        "initial": 0.0114,
        "coarse_avg": 0.013025,
        "fine_avg": 0.0205875
    },
    "proj2d_error (px)": {
        "initial": 23.31,
        "coarse_avg": 22.68625,
        "fine_avg": 32.0625
    }
}